,target,model,rmsd,group_name
0,trna_rpr_x_ref.pdb,tar_min.out.1.pdb,16.57,
1,trna_rpr_x_ref.pdb,tar_min.out.10.pdb,11.03,
2,trna_rpr_x_ref.pdb,tar_min.out.100.pdb,14.53,
3,trna_rpr_x_ref.pdb,tar_min.out.1000.pdb,16.41,
4,trna_rpr_x_ref.pdb,tar_min.out.101.pdb,12.95,
5,trna_rpr_x_ref.pdb,tar_min.out.102.pdb,15.02,
6,trna_rpr_x_ref.pdb,tar_min.out.103.pdb,14.95,
7,trna_rpr_x_ref.pdb,tar_min.out.104.pdb,13.44,
8,trna_rpr_x_ref.pdb,tar_min.out.105.pdb,15.31,
9,trna_rpr_x_ref.pdb,tar_min.out.106.pdb,14.12,
10,trna_rpr_x_ref.pdb,tar_min.out.107.pdb,12.27,
11,trna_rpr_x_ref.pdb,tar_min.out.108.pdb,11.8,
12,trna_rpr_x_ref.pdb,tar_min.out.109.pdb,12.25,
13,trna_rpr_x_ref.pdb,tar_min.out.11.pdb,11.91,
14,trna_rpr_x_ref.pdb,tar_min.out.110.pdb,11.11,
15,trna_rpr_x_ref.pdb,tar_min.out.111.pdb,14.94,
16,trna_rpr_x_ref.pdb,tar_min.out.112.pdb,13.01,
17,trna_rpr_x_ref.pdb,tar_min.out.113.pdb,14.78,
18,trna_rpr_x_ref.pdb,tar_min.out.114.pdb,17.49,
19,trna_rpr_x_ref.pdb,tar_min.out.115.pdb,13.31,
20,trna_rpr_x_ref.pdb,tar_min.out.116.pdb,20.04,
21,trna_rpr_x_ref.pdb,tar_min.out.117.pdb,15.37,
22,trna_rpr_x_ref.pdb,tar_min.out.118.pdb,14.1,
23,trna_rpr_x_ref.pdb,tar_min.out.119.pdb,11.94,
24,trna_rpr_x_ref.pdb,tar_min.out.12.pdb,14.16,
25,trna_rpr_x_ref.pdb,tar_min.out.120.pdb,11.52,
26,trna_rpr_x_ref.pdb,tar_min.out.121.pdb,14.19,
27,trna_rpr_x_ref.pdb,tar_min.out.122.pdb,6.44,
28,trna_rpr_x_ref.pdb,tar_min.out.123.pdb,16.44,
29,trna_rpr_x_ref.pdb,tar_min.out.124.pdb,14.51,
30,trna_rpr_x_ref.pdb,tar_min.out.125.pdb,12.05,
31,trna_rpr_x_ref.pdb,tar_min.out.126.pdb,13.08,
32,trna_rpr_x_ref.pdb,tar_min.out.127.pdb,14.69,
33,trna_rpr_x_ref.pdb,tar_min.out.128.pdb,15.44,
34,trna_rpr_x_ref.pdb,tar_min.out.129.pdb,15.33,
35,trna_rpr_x_ref.pdb,tar_min.out.13.pdb,10.54,
36,trna_rpr_x_ref.pdb,tar_min.out.130.pdb,14.48,
37,trna_rpr_x_ref.pdb,tar_min.out.131.pdb,15.39,
38,trna_rpr_x_ref.pdb,tar_min.out.132.pdb,16.13,
39,trna_rpr_x_ref.pdb,tar_min.out.133.pdb,13.86,
40,trna_rpr_x_ref.pdb,tar_min.out.134.pdb,14.42,
41,trna_rpr_x_ref.pdb,tar_min.out.135.pdb,13.61,
42,trna_rpr_x_ref.pdb,tar_min.out.136.pdb,12.86,
43,trna_rpr_x_ref.pdb,tar_min.out.137.pdb,14.87,
44,trna_rpr_x_ref.pdb,tar_min.out.138.pdb,13.85,
45,trna_rpr_x_ref.pdb,tar_min.out.139.pdb,11.48,
46,trna_rpr_x_ref.pdb,tar_min.out.14.pdb,12.12,
47,trna_rpr_x_ref.pdb,tar_min.out.140.pdb,13.09,
48,trna_rpr_x_ref.pdb,tar_min.out.141.pdb,13.97,
49,trna_rpr_x_ref.pdb,tar_min.out.142.pdb,14.22,
50,trna_rpr_x_ref.pdb,tar_min.out.143.pdb,15.43,
51,trna_rpr_x_ref.pdb,tar_min.out.144.pdb,12.89,
52,trna_rpr_x_ref.pdb,tar_min.out.145.pdb,13.33,
53,trna_rpr_x_ref.pdb,tar_min.out.146.pdb,10.23,
54,trna_rpr_x_ref.pdb,tar_min.out.147.pdb,15.33,
55,trna_rpr_x_ref.pdb,tar_min.out.148.pdb,14.76,
56,trna_rpr_x_ref.pdb,tar_min.out.149.pdb,14.33,
57,trna_rpr_x_ref.pdb,tar_min.out.15.pdb,12.82,
58,trna_rpr_x_ref.pdb,tar_min.out.150.pdb,15.7,
59,trna_rpr_x_ref.pdb,tar_min.out.151.pdb,11.55,
60,trna_rpr_x_ref.pdb,tar_min.out.152.pdb,12.63,
61,trna_rpr_x_ref.pdb,tar_min.out.153.pdb,15.74,
62,trna_rpr_x_ref.pdb,tar_min.out.154.pdb,15.39,
63,trna_rpr_x_ref.pdb,tar_min.out.155.pdb,15.18,
64,trna_rpr_x_ref.pdb,tar_min.out.156.pdb,14.19,
65,trna_rpr_x_ref.pdb,tar_min.out.157.pdb,11.5,
66,trna_rpr_x_ref.pdb,tar_min.out.158.pdb,11.84,
67,trna_rpr_x_ref.pdb,tar_min.out.159.pdb,14.16,
68,trna_rpr_x_ref.pdb,tar_min.out.16.pdb,11.63,
69,trna_rpr_x_ref.pdb,tar_min.out.160.pdb,18.3,
70,trna_rpr_x_ref.pdb,tar_min.out.161.pdb,10.72,
71,trna_rpr_x_ref.pdb,tar_min.out.162.pdb,12.46,
72,trna_rpr_x_ref.pdb,tar_min.out.163.pdb,17.36,
73,trna_rpr_x_ref.pdb,tar_min.out.164.pdb,15.2,
74,trna_rpr_x_ref.pdb,tar_min.out.165.pdb,12.87,
75,trna_rpr_x_ref.pdb,tar_min.out.166.pdb,14.79,
76,trna_rpr_x_ref.pdb,tar_min.out.167.pdb,12.28,
77,trna_rpr_x_ref.pdb,tar_min.out.168.pdb,13.59,
78,trna_rpr_x_ref.pdb,tar_min.out.169.pdb,14.63,
79,trna_rpr_x_ref.pdb,tar_min.out.17.pdb,13.52,
80,trna_rpr_x_ref.pdb,tar_min.out.170.pdb,14.86,
81,trna_rpr_x_ref.pdb,tar_min.out.171.pdb,14.33,
82,trna_rpr_x_ref.pdb,tar_min.out.172.pdb,15.6,
83,trna_rpr_x_ref.pdb,tar_min.out.173.pdb,12.24,
84,trna_rpr_x_ref.pdb,tar_min.out.174.pdb,13.95,
85,trna_rpr_x_ref.pdb,tar_min.out.175.pdb,15.45,
86,trna_rpr_x_ref.pdb,tar_min.out.176.pdb,19.89,
87,trna_rpr_x_ref.pdb,tar_min.out.177.pdb,12.64,
88,trna_rpr_x_ref.pdb,tar_min.out.178.pdb,13.06,
89,trna_rpr_x_ref.pdb,tar_min.out.179.pdb,14.52,
90,trna_rpr_x_ref.pdb,tar_min.out.18.pdb,9.46,
91,trna_rpr_x_ref.pdb,tar_min.out.180.pdb,17.2,
92,trna_rpr_x_ref.pdb,tar_min.out.181.pdb,9.93,
93,trna_rpr_x_ref.pdb,tar_min.out.182.pdb,13.47,
94,trna_rpr_x_ref.pdb,tar_min.out.183.pdb,15.67,
95,trna_rpr_x_ref.pdb,tar_min.out.184.pdb,10.8,
96,trna_rpr_x_ref.pdb,tar_min.out.185.pdb,13.79,
97,trna_rpr_x_ref.pdb,tar_min.out.186.pdb,18.69,
98,trna_rpr_x_ref.pdb,tar_min.out.187.pdb,18.46,
99,trna_rpr_x_ref.pdb,tar_min.out.188.pdb,12.81,
100,trna_rpr_x_ref.pdb,tar_min.out.189.pdb,10.27,
101,trna_rpr_x_ref.pdb,tar_min.out.19.pdb,15.09,
102,trna_rpr_x_ref.pdb,tar_min.out.190.pdb,18.54,
103,trna_rpr_x_ref.pdb,tar_min.out.191.pdb,11.91,
104,trna_rpr_x_ref.pdb,tar_min.out.192.pdb,15.01,
105,trna_rpr_x_ref.pdb,tar_min.out.193.pdb,15.93,
106,trna_rpr_x_ref.pdb,tar_min.out.194.pdb,9.95,
107,trna_rpr_x_ref.pdb,tar_min.out.195.pdb,13.44,
108,trna_rpr_x_ref.pdb,tar_min.out.196.pdb,16.67,
109,trna_rpr_x_ref.pdb,tar_min.out.197.pdb,15.68,
110,trna_rpr_x_ref.pdb,tar_min.out.198.pdb,13.72,
111,trna_rpr_x_ref.pdb,tar_min.out.199.pdb,14.84,
112,trna_rpr_x_ref.pdb,tar_min.out.2.pdb,16.07,
113,trna_rpr_x_ref.pdb,tar_min.out.20.pdb,15.46,
114,trna_rpr_x_ref.pdb,tar_min.out.200.pdb,13.21,
115,trna_rpr_x_ref.pdb,tar_min.out.201.pdb,8.6,
116,trna_rpr_x_ref.pdb,tar_min.out.202.pdb,15.23,
117,trna_rpr_x_ref.pdb,tar_min.out.203.pdb,13.47,
118,trna_rpr_x_ref.pdb,tar_min.out.204.pdb,12.41,
119,trna_rpr_x_ref.pdb,tar_min.out.205.pdb,14.12,
120,trna_rpr_x_ref.pdb,tar_min.out.206.pdb,14.93,
121,trna_rpr_x_ref.pdb,tar_min.out.207.pdb,14.69,
122,trna_rpr_x_ref.pdb,tar_min.out.208.pdb,14.51,
123,trna_rpr_x_ref.pdb,tar_min.out.209.pdb,15.44,
124,trna_rpr_x_ref.pdb,tar_min.out.21.pdb,13.84,
125,trna_rpr_x_ref.pdb,tar_min.out.210.pdb,15.25,
126,trna_rpr_x_ref.pdb,tar_min.out.211.pdb,13.41,
127,trna_rpr_x_ref.pdb,tar_min.out.212.pdb,12.43,
128,trna_rpr_x_ref.pdb,tar_min.out.213.pdb,15.36,
129,trna_rpr_x_ref.pdb,tar_min.out.214.pdb,13.93,
130,trna_rpr_x_ref.pdb,tar_min.out.215.pdb,12.08,
131,trna_rpr_x_ref.pdb,tar_min.out.216.pdb,13.8,
132,trna_rpr_x_ref.pdb,tar_min.out.217.pdb,15.71,
133,trna_rpr_x_ref.pdb,tar_min.out.218.pdb,15.4,
134,trna_rpr_x_ref.pdb,tar_min.out.219.pdb,16.87,
135,trna_rpr_x_ref.pdb,tar_min.out.22.pdb,17.59,
136,trna_rpr_x_ref.pdb,tar_min.out.220.pdb,15.5,
137,trna_rpr_x_ref.pdb,tar_min.out.221.pdb,11.35,
138,trna_rpr_x_ref.pdb,tar_min.out.222.pdb,13.98,
139,trna_rpr_x_ref.pdb,tar_min.out.223.pdb,14.8,
140,trna_rpr_x_ref.pdb,tar_min.out.224.pdb,12.75,
141,trna_rpr_x_ref.pdb,tar_min.out.225.pdb,12.52,
142,trna_rpr_x_ref.pdb,tar_min.out.226.pdb,10.6,
143,trna_rpr_x_ref.pdb,tar_min.out.227.pdb,12.54,
144,trna_rpr_x_ref.pdb,tar_min.out.228.pdb,12.58,
145,trna_rpr_x_ref.pdb,tar_min.out.229.pdb,13.5,
146,trna_rpr_x_ref.pdb,tar_min.out.23.pdb,12.75,
147,trna_rpr_x_ref.pdb,tar_min.out.230.pdb,12.82,
148,trna_rpr_x_ref.pdb,tar_min.out.231.pdb,12.13,
149,trna_rpr_x_ref.pdb,tar_min.out.232.pdb,13.45,
150,trna_rpr_x_ref.pdb,tar_min.out.233.pdb,15.87,
151,trna_rpr_x_ref.pdb,tar_min.out.234.pdb,12.44,
152,trna_rpr_x_ref.pdb,tar_min.out.235.pdb,10.78,
153,trna_rpr_x_ref.pdb,tar_min.out.236.pdb,7.72,
154,trna_rpr_x_ref.pdb,tar_min.out.237.pdb,14.81,
155,trna_rpr_x_ref.pdb,tar_min.out.238.pdb,16.0,
156,trna_rpr_x_ref.pdb,tar_min.out.239.pdb,16.38,
157,trna_rpr_x_ref.pdb,tar_min.out.24.pdb,13.96,
158,trna_rpr_x_ref.pdb,tar_min.out.240.pdb,9.43,
159,trna_rpr_x_ref.pdb,tar_min.out.241.pdb,13.25,
160,trna_rpr_x_ref.pdb,tar_min.out.242.pdb,17.95,
161,trna_rpr_x_ref.pdb,tar_min.out.243.pdb,15.43,
162,trna_rpr_x_ref.pdb,tar_min.out.244.pdb,12.81,
163,trna_rpr_x_ref.pdb,tar_min.out.245.pdb,10.63,
164,trna_rpr_x_ref.pdb,tar_min.out.246.pdb,14.93,
165,trna_rpr_x_ref.pdb,tar_min.out.247.pdb,11.28,
166,trna_rpr_x_ref.pdb,tar_min.out.248.pdb,14.53,
167,trna_rpr_x_ref.pdb,tar_min.out.249.pdb,13.92,
168,trna_rpr_x_ref.pdb,tar_min.out.25.pdb,16.36,
169,trna_rpr_x_ref.pdb,tar_min.out.250.pdb,13.25,
170,trna_rpr_x_ref.pdb,tar_min.out.251.pdb,13.41,
171,trna_rpr_x_ref.pdb,tar_min.out.252.pdb,18.88,
172,trna_rpr_x_ref.pdb,tar_min.out.253.pdb,12.31,
173,trna_rpr_x_ref.pdb,tar_min.out.254.pdb,13.35,
174,trna_rpr_x_ref.pdb,tar_min.out.255.pdb,16.65,
175,trna_rpr_x_ref.pdb,tar_min.out.256.pdb,17.06,
176,trna_rpr_x_ref.pdb,tar_min.out.257.pdb,13.31,
177,trna_rpr_x_ref.pdb,tar_min.out.258.pdb,13.41,
178,trna_rpr_x_ref.pdb,tar_min.out.259.pdb,14.97,
179,trna_rpr_x_ref.pdb,tar_min.out.26.pdb,12.7,
180,trna_rpr_x_ref.pdb,tar_min.out.260.pdb,10.46,
181,trna_rpr_x_ref.pdb,tar_min.out.261.pdb,12.19,
182,trna_rpr_x_ref.pdb,tar_min.out.262.pdb,8.69,
183,trna_rpr_x_ref.pdb,tar_min.out.263.pdb,11.9,
184,trna_rpr_x_ref.pdb,tar_min.out.264.pdb,13.58,
185,trna_rpr_x_ref.pdb,tar_min.out.265.pdb,11.38,
186,trna_rpr_x_ref.pdb,tar_min.out.266.pdb,14.79,
187,trna_rpr_x_ref.pdb,tar_min.out.267.pdb,14.11,
188,trna_rpr_x_ref.pdb,tar_min.out.268.pdb,15.1,
189,trna_rpr_x_ref.pdb,tar_min.out.269.pdb,11.42,
190,trna_rpr_x_ref.pdb,tar_min.out.27.pdb,16.14,
191,trna_rpr_x_ref.pdb,tar_min.out.270.pdb,14.06,
192,trna_rpr_x_ref.pdb,tar_min.out.271.pdb,16.36,
193,trna_rpr_x_ref.pdb,tar_min.out.272.pdb,12.06,
194,trna_rpr_x_ref.pdb,tar_min.out.273.pdb,16.42,
195,trna_rpr_x_ref.pdb,tar_min.out.274.pdb,15.08,
196,trna_rpr_x_ref.pdb,tar_min.out.275.pdb,12.58,
197,trna_rpr_x_ref.pdb,tar_min.out.276.pdb,13.31,
198,trna_rpr_x_ref.pdb,tar_min.out.277.pdb,11.7,
199,trna_rpr_x_ref.pdb,tar_min.out.278.pdb,12.99,
200,trna_rpr_x_ref.pdb,tar_min.out.279.pdb,11.13,
201,trna_rpr_x_ref.pdb,tar_min.out.28.pdb,11.91,
202,trna_rpr_x_ref.pdb,tar_min.out.280.pdb,16.65,
203,trna_rpr_x_ref.pdb,tar_min.out.281.pdb,10.69,
204,trna_rpr_x_ref.pdb,tar_min.out.282.pdb,11.17,
205,trna_rpr_x_ref.pdb,tar_min.out.283.pdb,14.97,
206,trna_rpr_x_ref.pdb,tar_min.out.284.pdb,11.82,
207,trna_rpr_x_ref.pdb,tar_min.out.285.pdb,14.9,
208,trna_rpr_x_ref.pdb,tar_min.out.286.pdb,15.43,
209,trna_rpr_x_ref.pdb,tar_min.out.287.pdb,12.16,
210,trna_rpr_x_ref.pdb,tar_min.out.288.pdb,15.48,
211,trna_rpr_x_ref.pdb,tar_min.out.289.pdb,11.28,
212,trna_rpr_x_ref.pdb,tar_min.out.29.pdb,13.17,
213,trna_rpr_x_ref.pdb,tar_min.out.290.pdb,7.21,
214,trna_rpr_x_ref.pdb,tar_min.out.291.pdb,15.84,
215,trna_rpr_x_ref.pdb,tar_min.out.292.pdb,13.36,
216,trna_rpr_x_ref.pdb,tar_min.out.293.pdb,17.32,
217,trna_rpr_x_ref.pdb,tar_min.out.294.pdb,13.95,
218,trna_rpr_x_ref.pdb,tar_min.out.295.pdb,14.85,
219,trna_rpr_x_ref.pdb,tar_min.out.296.pdb,14.35,
220,trna_rpr_x_ref.pdb,tar_min.out.297.pdb,14.64,
221,trna_rpr_x_ref.pdb,tar_min.out.298.pdb,12.25,
222,trna_rpr_x_ref.pdb,tar_min.out.299.pdb,13.93,
223,trna_rpr_x_ref.pdb,tar_min.out.3.pdb,14.6,
224,trna_rpr_x_ref.pdb,tar_min.out.30.pdb,13.95,
225,trna_rpr_x_ref.pdb,tar_min.out.300.pdb,13.37,
226,trna_rpr_x_ref.pdb,tar_min.out.301.pdb,15.93,
227,trna_rpr_x_ref.pdb,tar_min.out.302.pdb,10.93,
228,trna_rpr_x_ref.pdb,tar_min.out.303.pdb,18.36,
229,trna_rpr_x_ref.pdb,tar_min.out.304.pdb,12.84,
230,trna_rpr_x_ref.pdb,tar_min.out.305.pdb,16.65,
231,trna_rpr_x_ref.pdb,tar_min.out.306.pdb,14.22,
232,trna_rpr_x_ref.pdb,tar_min.out.307.pdb,14.44,
233,trna_rpr_x_ref.pdb,tar_min.out.308.pdb,12.5,
234,trna_rpr_x_ref.pdb,tar_min.out.309.pdb,12.98,
235,trna_rpr_x_ref.pdb,tar_min.out.31.pdb,13.43,
236,trna_rpr_x_ref.pdb,tar_min.out.310.pdb,13.63,
237,trna_rpr_x_ref.pdb,tar_min.out.311.pdb,15.84,
238,trna_rpr_x_ref.pdb,tar_min.out.312.pdb,14.88,
239,trna_rpr_x_ref.pdb,tar_min.out.313.pdb,10.89,
240,trna_rpr_x_ref.pdb,tar_min.out.314.pdb,13.48,
241,trna_rpr_x_ref.pdb,tar_min.out.315.pdb,15.6,
242,trna_rpr_x_ref.pdb,tar_min.out.316.pdb,12.07,
243,trna_rpr_x_ref.pdb,tar_min.out.317.pdb,9.03,
244,trna_rpr_x_ref.pdb,tar_min.out.318.pdb,14.72,
245,trna_rpr_x_ref.pdb,tar_min.out.319.pdb,15.81,
246,trna_rpr_x_ref.pdb,tar_min.out.32.pdb,14.37,
247,trna_rpr_x_ref.pdb,tar_min.out.320.pdb,13.63,
248,trna_rpr_x_ref.pdb,tar_min.out.321.pdb,14.11,
249,trna_rpr_x_ref.pdb,tar_min.out.322.pdb,13.97,
250,trna_rpr_x_ref.pdb,tar_min.out.323.pdb,13.19,
251,trna_rpr_x_ref.pdb,tar_min.out.324.pdb,16.51,
252,trna_rpr_x_ref.pdb,tar_min.out.325.pdb,16.56,
253,trna_rpr_x_ref.pdb,tar_min.out.326.pdb,11.7,
254,trna_rpr_x_ref.pdb,tar_min.out.327.pdb,15.04,
255,trna_rpr_x_ref.pdb,tar_min.out.328.pdb,14.14,
256,trna_rpr_x_ref.pdb,tar_min.out.329.pdb,15.08,
257,trna_rpr_x_ref.pdb,tar_min.out.33.pdb,16.36,
258,trna_rpr_x_ref.pdb,tar_min.out.330.pdb,12.67,
259,trna_rpr_x_ref.pdb,tar_min.out.331.pdb,14.6,
260,trna_rpr_x_ref.pdb,tar_min.out.332.pdb,13.89,
261,trna_rpr_x_ref.pdb,tar_min.out.333.pdb,12.82,
262,trna_rpr_x_ref.pdb,tar_min.out.334.pdb,12.95,
263,trna_rpr_x_ref.pdb,tar_min.out.335.pdb,13.43,
264,trna_rpr_x_ref.pdb,tar_min.out.336.pdb,17.01,
265,trna_rpr_x_ref.pdb,tar_min.out.337.pdb,15.54,
266,trna_rpr_x_ref.pdb,tar_min.out.338.pdb,11.77,
267,trna_rpr_x_ref.pdb,tar_min.out.339.pdb,10.39,
268,trna_rpr_x_ref.pdb,tar_min.out.34.pdb,13.8,
269,trna_rpr_x_ref.pdb,tar_min.out.340.pdb,14.87,
270,trna_rpr_x_ref.pdb,tar_min.out.341.pdb,13.71,
271,trna_rpr_x_ref.pdb,tar_min.out.342.pdb,12.76,
272,trna_rpr_x_ref.pdb,tar_min.out.343.pdb,15.07,
273,trna_rpr_x_ref.pdb,tar_min.out.344.pdb,14.46,
274,trna_rpr_x_ref.pdb,tar_min.out.345.pdb,8.75,
275,trna_rpr_x_ref.pdb,tar_min.out.346.pdb,12.74,
276,trna_rpr_x_ref.pdb,tar_min.out.347.pdb,16.77,
277,trna_rpr_x_ref.pdb,tar_min.out.348.pdb,14.22,
278,trna_rpr_x_ref.pdb,tar_min.out.349.pdb,14.97,
279,trna_rpr_x_ref.pdb,tar_min.out.35.pdb,14.39,
280,trna_rpr_x_ref.pdb,tar_min.out.350.pdb,17.56,
281,trna_rpr_x_ref.pdb,tar_min.out.351.pdb,13.77,
282,trna_rpr_x_ref.pdb,tar_min.out.352.pdb,13.41,
283,trna_rpr_x_ref.pdb,tar_min.out.353.pdb,11.9,
284,trna_rpr_x_ref.pdb,tar_min.out.354.pdb,12.49,
285,trna_rpr_x_ref.pdb,tar_min.out.355.pdb,15.74,
286,trna_rpr_x_ref.pdb,tar_min.out.356.pdb,13.2,
287,trna_rpr_x_ref.pdb,tar_min.out.357.pdb,13.68,
288,trna_rpr_x_ref.pdb,tar_min.out.358.pdb,12.38,
289,trna_rpr_x_ref.pdb,tar_min.out.359.pdb,10.66,
290,trna_rpr_x_ref.pdb,tar_min.out.36.pdb,11.73,
291,trna_rpr_x_ref.pdb,tar_min.out.360.pdb,13.55,
292,trna_rpr_x_ref.pdb,tar_min.out.361.pdb,15.84,
293,trna_rpr_x_ref.pdb,tar_min.out.362.pdb,4.42,
294,trna_rpr_x_ref.pdb,tar_min.out.363.pdb,13.11,
295,trna_rpr_x_ref.pdb,tar_min.out.364.pdb,15.5,
296,trna_rpr_x_ref.pdb,tar_min.out.365.pdb,15.39,
297,trna_rpr_x_ref.pdb,tar_min.out.366.pdb,7.85,
298,trna_rpr_x_ref.pdb,tar_min.out.367.pdb,9.89,
299,trna_rpr_x_ref.pdb,tar_min.out.368.pdb,13.0,
300,trna_rpr_x_ref.pdb,tar_min.out.369.pdb,14.24,
301,trna_rpr_x_ref.pdb,tar_min.out.37.pdb,15.69,
302,trna_rpr_x_ref.pdb,tar_min.out.370.pdb,11.57,
303,trna_rpr_x_ref.pdb,tar_min.out.371.pdb,10.21,
304,trna_rpr_x_ref.pdb,tar_min.out.372.pdb,15.72,
305,trna_rpr_x_ref.pdb,tar_min.out.373.pdb,15.84,
306,trna_rpr_x_ref.pdb,tar_min.out.374.pdb,12.59,
307,trna_rpr_x_ref.pdb,tar_min.out.375.pdb,11.3,
308,trna_rpr_x_ref.pdb,tar_min.out.376.pdb,13.6,
309,trna_rpr_x_ref.pdb,tar_min.out.377.pdb,14.26,
310,trna_rpr_x_ref.pdb,tar_min.out.378.pdb,13.69,
311,trna_rpr_x_ref.pdb,tar_min.out.379.pdb,14.03,
312,trna_rpr_x_ref.pdb,tar_min.out.38.pdb,11.44,
313,trna_rpr_x_ref.pdb,tar_min.out.380.pdb,17.63,
314,trna_rpr_x_ref.pdb,tar_min.out.381.pdb,16.54,
315,trna_rpr_x_ref.pdb,tar_min.out.382.pdb,12.83,
316,trna_rpr_x_ref.pdb,tar_min.out.383.pdb,16.5,
317,trna_rpr_x_ref.pdb,tar_min.out.384.pdb,12.81,
318,trna_rpr_x_ref.pdb,tar_min.out.385.pdb,14.95,
319,trna_rpr_x_ref.pdb,tar_min.out.386.pdb,12.01,
320,trna_rpr_x_ref.pdb,tar_min.out.387.pdb,14.43,
321,trna_rpr_x_ref.pdb,tar_min.out.388.pdb,14.32,
322,trna_rpr_x_ref.pdb,tar_min.out.389.pdb,13.09,
323,trna_rpr_x_ref.pdb,tar_min.out.39.pdb,13.92,
324,trna_rpr_x_ref.pdb,tar_min.out.390.pdb,14.61,
325,trna_rpr_x_ref.pdb,tar_min.out.391.pdb,10.56,
326,trna_rpr_x_ref.pdb,tar_min.out.392.pdb,11.43,
327,trna_rpr_x_ref.pdb,tar_min.out.393.pdb,12.43,
328,trna_rpr_x_ref.pdb,tar_min.out.394.pdb,12.77,
329,trna_rpr_x_ref.pdb,tar_min.out.395.pdb,14.61,
330,trna_rpr_x_ref.pdb,tar_min.out.396.pdb,13.81,
331,trna_rpr_x_ref.pdb,tar_min.out.397.pdb,12.8,
332,trna_rpr_x_ref.pdb,tar_min.out.398.pdb,12.06,
333,trna_rpr_x_ref.pdb,tar_min.out.399.pdb,14.0,
334,trna_rpr_x_ref.pdb,tar_min.out.4.pdb,18.33,
335,trna_rpr_x_ref.pdb,tar_min.out.40.pdb,13.87,
336,trna_rpr_x_ref.pdb,tar_min.out.400.pdb,12.46,
337,trna_rpr_x_ref.pdb,tar_min.out.401.pdb,13.9,
338,trna_rpr_x_ref.pdb,tar_min.out.402.pdb,16.51,
339,trna_rpr_x_ref.pdb,tar_min.out.403.pdb,14.1,
340,trna_rpr_x_ref.pdb,tar_min.out.404.pdb,14.74,
341,trna_rpr_x_ref.pdb,tar_min.out.405.pdb,18.8,
342,trna_rpr_x_ref.pdb,tar_min.out.406.pdb,11.27,
343,trna_rpr_x_ref.pdb,tar_min.out.407.pdb,12.46,
344,trna_rpr_x_ref.pdb,tar_min.out.408.pdb,9.98,
345,trna_rpr_x_ref.pdb,tar_min.out.409.pdb,12.2,
346,trna_rpr_x_ref.pdb,tar_min.out.41.pdb,15.33,
347,trna_rpr_x_ref.pdb,tar_min.out.410.pdb,10.98,
348,trna_rpr_x_ref.pdb,tar_min.out.411.pdb,16.36,
349,trna_rpr_x_ref.pdb,tar_min.out.412.pdb,12.21,
350,trna_rpr_x_ref.pdb,tar_min.out.413.pdb,16.04,
351,trna_rpr_x_ref.pdb,tar_min.out.414.pdb,10.97,
352,trna_rpr_x_ref.pdb,tar_min.out.415.pdb,14.55,
353,trna_rpr_x_ref.pdb,tar_min.out.416.pdb,11.95,
354,trna_rpr_x_ref.pdb,tar_min.out.417.pdb,14.15,
355,trna_rpr_x_ref.pdb,tar_min.out.418.pdb,11.43,
356,trna_rpr_x_ref.pdb,tar_min.out.419.pdb,14.27,
357,trna_rpr_x_ref.pdb,tar_min.out.42.pdb,12.58,
358,trna_rpr_x_ref.pdb,tar_min.out.420.pdb,14.98,
359,trna_rpr_x_ref.pdb,tar_min.out.421.pdb,14.88,
360,trna_rpr_x_ref.pdb,tar_min.out.422.pdb,12.81,
361,trna_rpr_x_ref.pdb,tar_min.out.423.pdb,11.26,
362,trna_rpr_x_ref.pdb,tar_min.out.424.pdb,18.05,
363,trna_rpr_x_ref.pdb,tar_min.out.425.pdb,12.44,
364,trna_rpr_x_ref.pdb,tar_min.out.426.pdb,15.96,
365,trna_rpr_x_ref.pdb,tar_min.out.427.pdb,14.0,
366,trna_rpr_x_ref.pdb,tar_min.out.428.pdb,15.33,
367,trna_rpr_x_ref.pdb,tar_min.out.429.pdb,18.23,
368,trna_rpr_x_ref.pdb,tar_min.out.43.pdb,12.15,
369,trna_rpr_x_ref.pdb,tar_min.out.430.pdb,19.18,
370,trna_rpr_x_ref.pdb,tar_min.out.431.pdb,10.13,
371,trna_rpr_x_ref.pdb,tar_min.out.432.pdb,15.49,
372,trna_rpr_x_ref.pdb,tar_min.out.433.pdb,15.71,
373,trna_rpr_x_ref.pdb,tar_min.out.434.pdb,17.06,
374,trna_rpr_x_ref.pdb,tar_min.out.435.pdb,16.59,
375,trna_rpr_x_ref.pdb,tar_min.out.436.pdb,8.69,
376,trna_rpr_x_ref.pdb,tar_min.out.437.pdb,10.23,
377,trna_rpr_x_ref.pdb,tar_min.out.438.pdb,16.01,
378,trna_rpr_x_ref.pdb,tar_min.out.439.pdb,16.17,
379,trna_rpr_x_ref.pdb,tar_min.out.44.pdb,13.87,
380,trna_rpr_x_ref.pdb,tar_min.out.440.pdb,12.86,
381,trna_rpr_x_ref.pdb,tar_min.out.441.pdb,14.75,
382,trna_rpr_x_ref.pdb,tar_min.out.442.pdb,11.23,
383,trna_rpr_x_ref.pdb,tar_min.out.443.pdb,15.48,
384,trna_rpr_x_ref.pdb,tar_min.out.444.pdb,19.03,
385,trna_rpr_x_ref.pdb,tar_min.out.445.pdb,14.75,
386,trna_rpr_x_ref.pdb,tar_min.out.446.pdb,12.35,
387,trna_rpr_x_ref.pdb,tar_min.out.447.pdb,13.95,
388,trna_rpr_x_ref.pdb,tar_min.out.448.pdb,9.6,
389,trna_rpr_x_ref.pdb,tar_min.out.449.pdb,7.58,
390,trna_rpr_x_ref.pdb,tar_min.out.45.pdb,13.12,
391,trna_rpr_x_ref.pdb,tar_min.out.450.pdb,13.21,
392,trna_rpr_x_ref.pdb,tar_min.out.451.pdb,13.11,
393,trna_rpr_x_ref.pdb,tar_min.out.452.pdb,13.7,
394,trna_rpr_x_ref.pdb,tar_min.out.453.pdb,12.69,
395,trna_rpr_x_ref.pdb,tar_min.out.454.pdb,10.44,
396,trna_rpr_x_ref.pdb,tar_min.out.455.pdb,12.0,
397,trna_rpr_x_ref.pdb,tar_min.out.456.pdb,16.27,
398,trna_rpr_x_ref.pdb,tar_min.out.457.pdb,15.8,
399,trna_rpr_x_ref.pdb,tar_min.out.458.pdb,13.7,
400,trna_rpr_x_ref.pdb,tar_min.out.459.pdb,15.06,
401,trna_rpr_x_ref.pdb,tar_min.out.46.pdb,14.63,
402,trna_rpr_x_ref.pdb,tar_min.out.460.pdb,11.8,
403,trna_rpr_x_ref.pdb,tar_min.out.461.pdb,11.33,
404,trna_rpr_x_ref.pdb,tar_min.out.462.pdb,12.75,
405,trna_rpr_x_ref.pdb,tar_min.out.463.pdb,14.46,
406,trna_rpr_x_ref.pdb,tar_min.out.464.pdb,12.46,
407,trna_rpr_x_ref.pdb,tar_min.out.465.pdb,13.05,
408,trna_rpr_x_ref.pdb,tar_min.out.466.pdb,10.49,
409,trna_rpr_x_ref.pdb,tar_min.out.467.pdb,15.23,
410,trna_rpr_x_ref.pdb,tar_min.out.468.pdb,12.32,
411,trna_rpr_x_ref.pdb,tar_min.out.469.pdb,15.83,
412,trna_rpr_x_ref.pdb,tar_min.out.47.pdb,13.14,
413,trna_rpr_x_ref.pdb,tar_min.out.470.pdb,13.07,
414,trna_rpr_x_ref.pdb,tar_min.out.471.pdb,14.2,
415,trna_rpr_x_ref.pdb,tar_min.out.472.pdb,15.24,
416,trna_rpr_x_ref.pdb,tar_min.out.473.pdb,14.71,
417,trna_rpr_x_ref.pdb,tar_min.out.474.pdb,11.97,
418,trna_rpr_x_ref.pdb,tar_min.out.475.pdb,10.51,
419,trna_rpr_x_ref.pdb,tar_min.out.476.pdb,13.96,
420,trna_rpr_x_ref.pdb,tar_min.out.477.pdb,13.01,
421,trna_rpr_x_ref.pdb,tar_min.out.478.pdb,13.21,
422,trna_rpr_x_ref.pdb,tar_min.out.479.pdb,13.24,
423,trna_rpr_x_ref.pdb,tar_min.out.48.pdb,13.46,
424,trna_rpr_x_ref.pdb,tar_min.out.480.pdb,15.8,
425,trna_rpr_x_ref.pdb,tar_min.out.481.pdb,13.56,
426,trna_rpr_x_ref.pdb,tar_min.out.482.pdb,14.28,
427,trna_rpr_x_ref.pdb,tar_min.out.483.pdb,12.85,
428,trna_rpr_x_ref.pdb,tar_min.out.484.pdb,14.17,
429,trna_rpr_x_ref.pdb,tar_min.out.485.pdb,13.11,
430,trna_rpr_x_ref.pdb,tar_min.out.486.pdb,18.52,
431,trna_rpr_x_ref.pdb,tar_min.out.487.pdb,12.6,
432,trna_rpr_x_ref.pdb,tar_min.out.488.pdb,12.81,
433,trna_rpr_x_ref.pdb,tar_min.out.489.pdb,14.87,
434,trna_rpr_x_ref.pdb,tar_min.out.49.pdb,11.55,
435,trna_rpr_x_ref.pdb,tar_min.out.490.pdb,13.37,
436,trna_rpr_x_ref.pdb,tar_min.out.491.pdb,16.01,
437,trna_rpr_x_ref.pdb,tar_min.out.492.pdb,12.11,
438,trna_rpr_x_ref.pdb,tar_min.out.493.pdb,15.54,
439,trna_rpr_x_ref.pdb,tar_min.out.494.pdb,10.83,
440,trna_rpr_x_ref.pdb,tar_min.out.495.pdb,14.76,
441,trna_rpr_x_ref.pdb,tar_min.out.496.pdb,13.95,
442,trna_rpr_x_ref.pdb,tar_min.out.497.pdb,12.18,
443,trna_rpr_x_ref.pdb,tar_min.out.498.pdb,13.48,
444,trna_rpr_x_ref.pdb,tar_min.out.499.pdb,10.26,
445,trna_rpr_x_ref.pdb,tar_min.out.5.pdb,14.0,
446,trna_rpr_x_ref.pdb,tar_min.out.50.pdb,13.11,
447,trna_rpr_x_ref.pdb,tar_min.out.500.pdb,14.83,
448,trna_rpr_x_ref.pdb,tar_min.out.501.pdb,18.49,
449,trna_rpr_x_ref.pdb,tar_min.out.502.pdb,14.21,
450,trna_rpr_x_ref.pdb,tar_min.out.503.pdb,11.05,
451,trna_rpr_x_ref.pdb,tar_min.out.504.pdb,16.33,
452,trna_rpr_x_ref.pdb,tar_min.out.505.pdb,15.43,
453,trna_rpr_x_ref.pdb,tar_min.out.506.pdb,14.28,
454,trna_rpr_x_ref.pdb,tar_min.out.507.pdb,10.66,
455,trna_rpr_x_ref.pdb,tar_min.out.508.pdb,17.08,
456,trna_rpr_x_ref.pdb,tar_min.out.509.pdb,16.36,
457,trna_rpr_x_ref.pdb,tar_min.out.51.pdb,15.22,
458,trna_rpr_x_ref.pdb,tar_min.out.510.pdb,16.39,
459,trna_rpr_x_ref.pdb,tar_min.out.511.pdb,15.93,
460,trna_rpr_x_ref.pdb,tar_min.out.512.pdb,11.22,
461,trna_rpr_x_ref.pdb,tar_min.out.513.pdb,14.44,
462,trna_rpr_x_ref.pdb,tar_min.out.514.pdb,14.53,
463,trna_rpr_x_ref.pdb,tar_min.out.515.pdb,16.65,
464,trna_rpr_x_ref.pdb,tar_min.out.516.pdb,15.91,
465,trna_rpr_x_ref.pdb,tar_min.out.517.pdb,13.2,
466,trna_rpr_x_ref.pdb,tar_min.out.518.pdb,16.42,
467,trna_rpr_x_ref.pdb,tar_min.out.519.pdb,15.95,
468,trna_rpr_x_ref.pdb,tar_min.out.52.pdb,15.05,
469,trna_rpr_x_ref.pdb,tar_min.out.520.pdb,15.06,
470,trna_rpr_x_ref.pdb,tar_min.out.521.pdb,13.39,
471,trna_rpr_x_ref.pdb,tar_min.out.522.pdb,12.99,
472,trna_rpr_x_ref.pdb,tar_min.out.523.pdb,14.23,
473,trna_rpr_x_ref.pdb,tar_min.out.524.pdb,11.71,
474,trna_rpr_x_ref.pdb,tar_min.out.525.pdb,11.67,
475,trna_rpr_x_ref.pdb,tar_min.out.526.pdb,15.32,
476,trna_rpr_x_ref.pdb,tar_min.out.527.pdb,14.1,
477,trna_rpr_x_ref.pdb,tar_min.out.528.pdb,15.22,
478,trna_rpr_x_ref.pdb,tar_min.out.529.pdb,12.69,
479,trna_rpr_x_ref.pdb,tar_min.out.53.pdb,9.93,
480,trna_rpr_x_ref.pdb,tar_min.out.530.pdb,18.26,
481,trna_rpr_x_ref.pdb,tar_min.out.531.pdb,11.8,
482,trna_rpr_x_ref.pdb,tar_min.out.532.pdb,10.82,
483,trna_rpr_x_ref.pdb,tar_min.out.533.pdb,12.32,
484,trna_rpr_x_ref.pdb,tar_min.out.534.pdb,14.4,
485,trna_rpr_x_ref.pdb,tar_min.out.535.pdb,14.61,
486,trna_rpr_x_ref.pdb,tar_min.out.536.pdb,17.44,
487,trna_rpr_x_ref.pdb,tar_min.out.537.pdb,8.97,
488,trna_rpr_x_ref.pdb,tar_min.out.538.pdb,12.09,
489,trna_rpr_x_ref.pdb,tar_min.out.539.pdb,13.25,
490,trna_rpr_x_ref.pdb,tar_min.out.54.pdb,11.77,
491,trna_rpr_x_ref.pdb,tar_min.out.540.pdb,15.21,
492,trna_rpr_x_ref.pdb,tar_min.out.541.pdb,13.71,
493,trna_rpr_x_ref.pdb,tar_min.out.542.pdb,14.33,
494,trna_rpr_x_ref.pdb,tar_min.out.543.pdb,14.45,
495,trna_rpr_x_ref.pdb,tar_min.out.544.pdb,13.65,
496,trna_rpr_x_ref.pdb,tar_min.out.545.pdb,10.73,
497,trna_rpr_x_ref.pdb,tar_min.out.546.pdb,18.92,
498,trna_rpr_x_ref.pdb,tar_min.out.547.pdb,16.3,
499,trna_rpr_x_ref.pdb,tar_min.out.548.pdb,14.66,
500,trna_rpr_x_ref.pdb,tar_min.out.549.pdb,14.35,
501,trna_rpr_x_ref.pdb,tar_min.out.55.pdb,14.24,
502,trna_rpr_x_ref.pdb,tar_min.out.550.pdb,13.48,
503,trna_rpr_x_ref.pdb,tar_min.out.551.pdb,14.49,
504,trna_rpr_x_ref.pdb,tar_min.out.552.pdb,15.22,
505,trna_rpr_x_ref.pdb,tar_min.out.553.pdb,15.09,
506,trna_rpr_x_ref.pdb,tar_min.out.554.pdb,14.17,
507,trna_rpr_x_ref.pdb,tar_min.out.555.pdb,17.03,
508,trna_rpr_x_ref.pdb,tar_min.out.556.pdb,11.37,
509,trna_rpr_x_ref.pdb,tar_min.out.557.pdb,13.16,
510,trna_rpr_x_ref.pdb,tar_min.out.558.pdb,14.12,
511,trna_rpr_x_ref.pdb,tar_min.out.559.pdb,11.53,
512,trna_rpr_x_ref.pdb,tar_min.out.56.pdb,12.21,
513,trna_rpr_x_ref.pdb,tar_min.out.560.pdb,15.29,
514,trna_rpr_x_ref.pdb,tar_min.out.561.pdb,14.16,
515,trna_rpr_x_ref.pdb,tar_min.out.562.pdb,16.48,
516,trna_rpr_x_ref.pdb,tar_min.out.563.pdb,15.51,
517,trna_rpr_x_ref.pdb,tar_min.out.564.pdb,12.86,
518,trna_rpr_x_ref.pdb,tar_min.out.565.pdb,11.88,
519,trna_rpr_x_ref.pdb,tar_min.out.566.pdb,14.06,
520,trna_rpr_x_ref.pdb,tar_min.out.567.pdb,16.56,
521,trna_rpr_x_ref.pdb,tar_min.out.568.pdb,12.91,
522,trna_rpr_x_ref.pdb,tar_min.out.569.pdb,12.17,
523,trna_rpr_x_ref.pdb,tar_min.out.57.pdb,13.69,
524,trna_rpr_x_ref.pdb,tar_min.out.570.pdb,9.05,
525,trna_rpr_x_ref.pdb,tar_min.out.571.pdb,12.3,
526,trna_rpr_x_ref.pdb,tar_min.out.572.pdb,12.44,
527,trna_rpr_x_ref.pdb,tar_min.out.573.pdb,12.02,
528,trna_rpr_x_ref.pdb,tar_min.out.574.pdb,13.38,
529,trna_rpr_x_ref.pdb,tar_min.out.575.pdb,11.07,
530,trna_rpr_x_ref.pdb,tar_min.out.576.pdb,14.37,
531,trna_rpr_x_ref.pdb,tar_min.out.577.pdb,14.18,
532,trna_rpr_x_ref.pdb,tar_min.out.578.pdb,14.71,
533,trna_rpr_x_ref.pdb,tar_min.out.579.pdb,16.78,
534,trna_rpr_x_ref.pdb,tar_min.out.58.pdb,11.95,
535,trna_rpr_x_ref.pdb,tar_min.out.580.pdb,10.0,
536,trna_rpr_x_ref.pdb,tar_min.out.581.pdb,16.6,
537,trna_rpr_x_ref.pdb,tar_min.out.582.pdb,11.0,
538,trna_rpr_x_ref.pdb,tar_min.out.583.pdb,13.26,
539,trna_rpr_x_ref.pdb,tar_min.out.584.pdb,8.71,
540,trna_rpr_x_ref.pdb,tar_min.out.585.pdb,13.75,
541,trna_rpr_x_ref.pdb,tar_min.out.586.pdb,11.75,
542,trna_rpr_x_ref.pdb,tar_min.out.587.pdb,12.67,
543,trna_rpr_x_ref.pdb,tar_min.out.588.pdb,14.45,
544,trna_rpr_x_ref.pdb,tar_min.out.589.pdb,12.23,
545,trna_rpr_x_ref.pdb,tar_min.out.59.pdb,16.74,
546,trna_rpr_x_ref.pdb,tar_min.out.590.pdb,14.56,
547,trna_rpr_x_ref.pdb,tar_min.out.591.pdb,12.21,
548,trna_rpr_x_ref.pdb,tar_min.out.592.pdb,14.35,
549,trna_rpr_x_ref.pdb,tar_min.out.593.pdb,13.18,
550,trna_rpr_x_ref.pdb,tar_min.out.594.pdb,13.18,
551,trna_rpr_x_ref.pdb,tar_min.out.595.pdb,14.56,
552,trna_rpr_x_ref.pdb,tar_min.out.596.pdb,13.86,
553,trna_rpr_x_ref.pdb,tar_min.out.597.pdb,14.21,
554,trna_rpr_x_ref.pdb,tar_min.out.598.pdb,12.21,
555,trna_rpr_x_ref.pdb,tar_min.out.599.pdb,17.17,
556,trna_rpr_x_ref.pdb,tar_min.out.6.pdb,13.88,
557,trna_rpr_x_ref.pdb,tar_min.out.60.pdb,16.38,
558,trna_rpr_x_ref.pdb,tar_min.out.600.pdb,13.65,
559,trna_rpr_x_ref.pdb,tar_min.out.601.pdb,16.52,
560,trna_rpr_x_ref.pdb,tar_min.out.602.pdb,14.52,
561,trna_rpr_x_ref.pdb,tar_min.out.603.pdb,11.18,
562,trna_rpr_x_ref.pdb,tar_min.out.604.pdb,15.62,
563,trna_rpr_x_ref.pdb,tar_min.out.605.pdb,15.4,
564,trna_rpr_x_ref.pdb,tar_min.out.606.pdb,14.43,
565,trna_rpr_x_ref.pdb,tar_min.out.607.pdb,12.51,
566,trna_rpr_x_ref.pdb,tar_min.out.608.pdb,12.41,
567,trna_rpr_x_ref.pdb,tar_min.out.609.pdb,14.0,
568,trna_rpr_x_ref.pdb,tar_min.out.61.pdb,13.11,
569,trna_rpr_x_ref.pdb,tar_min.out.610.pdb,15.01,
570,trna_rpr_x_ref.pdb,tar_min.out.611.pdb,15.04,
571,trna_rpr_x_ref.pdb,tar_min.out.612.pdb,16.95,
572,trna_rpr_x_ref.pdb,tar_min.out.613.pdb,14.09,
573,trna_rpr_x_ref.pdb,tar_min.out.614.pdb,13.16,
574,trna_rpr_x_ref.pdb,tar_min.out.615.pdb,11.15,
575,trna_rpr_x_ref.pdb,tar_min.out.616.pdb,17.14,
576,trna_rpr_x_ref.pdb,tar_min.out.617.pdb,9.51,
577,trna_rpr_x_ref.pdb,tar_min.out.618.pdb,15.23,
578,trna_rpr_x_ref.pdb,tar_min.out.619.pdb,14.3,
579,trna_rpr_x_ref.pdb,tar_min.out.62.pdb,13.96,
580,trna_rpr_x_ref.pdb,tar_min.out.620.pdb,15.9,
581,trna_rpr_x_ref.pdb,tar_min.out.621.pdb,11.38,
582,trna_rpr_x_ref.pdb,tar_min.out.622.pdb,12.95,
583,trna_rpr_x_ref.pdb,tar_min.out.623.pdb,14.64,
584,trna_rpr_x_ref.pdb,tar_min.out.624.pdb,14.98,
585,trna_rpr_x_ref.pdb,tar_min.out.625.pdb,12.09,
586,trna_rpr_x_ref.pdb,tar_min.out.626.pdb,6.84,
587,trna_rpr_x_ref.pdb,tar_min.out.627.pdb,13.53,
588,trna_rpr_x_ref.pdb,tar_min.out.628.pdb,14.02,
589,trna_rpr_x_ref.pdb,tar_min.out.629.pdb,12.19,
590,trna_rpr_x_ref.pdb,tar_min.out.63.pdb,7.82,
591,trna_rpr_x_ref.pdb,tar_min.out.630.pdb,15.59,
592,trna_rpr_x_ref.pdb,tar_min.out.631.pdb,12.98,
593,trna_rpr_x_ref.pdb,tar_min.out.632.pdb,15.14,
594,trna_rpr_x_ref.pdb,tar_min.out.633.pdb,15.32,
595,trna_rpr_x_ref.pdb,tar_min.out.634.pdb,12.67,
596,trna_rpr_x_ref.pdb,tar_min.out.635.pdb,15.08,
597,trna_rpr_x_ref.pdb,tar_min.out.636.pdb,14.36,
598,trna_rpr_x_ref.pdb,tar_min.out.637.pdb,14.36,
599,trna_rpr_x_ref.pdb,tar_min.out.638.pdb,11.22,
600,trna_rpr_x_ref.pdb,tar_min.out.639.pdb,10.79,
601,trna_rpr_x_ref.pdb,tar_min.out.64.pdb,10.78,
602,trna_rpr_x_ref.pdb,tar_min.out.640.pdb,12.91,
603,trna_rpr_x_ref.pdb,tar_min.out.641.pdb,13.91,
604,trna_rpr_x_ref.pdb,tar_min.out.642.pdb,9.71,
605,trna_rpr_x_ref.pdb,tar_min.out.643.pdb,15.66,
606,trna_rpr_x_ref.pdb,tar_min.out.644.pdb,12.56,
607,trna_rpr_x_ref.pdb,tar_min.out.645.pdb,8.34,
608,trna_rpr_x_ref.pdb,tar_min.out.646.pdb,15.65,
609,trna_rpr_x_ref.pdb,tar_min.out.647.pdb,16.59,
610,trna_rpr_x_ref.pdb,tar_min.out.648.pdb,12.3,
611,trna_rpr_x_ref.pdb,tar_min.out.649.pdb,11.93,
612,trna_rpr_x_ref.pdb,tar_min.out.65.pdb,10.18,
613,trna_rpr_x_ref.pdb,tar_min.out.650.pdb,15.18,
614,trna_rpr_x_ref.pdb,tar_min.out.651.pdb,13.35,
615,trna_rpr_x_ref.pdb,tar_min.out.652.pdb,15.86,
616,trna_rpr_x_ref.pdb,tar_min.out.653.pdb,9.51,
617,trna_rpr_x_ref.pdb,tar_min.out.654.pdb,15.69,
618,trna_rpr_x_ref.pdb,tar_min.out.655.pdb,14.85,
619,trna_rpr_x_ref.pdb,tar_min.out.656.pdb,14.73,
620,trna_rpr_x_ref.pdb,tar_min.out.657.pdb,15.7,
621,trna_rpr_x_ref.pdb,tar_min.out.658.pdb,12.0,
622,trna_rpr_x_ref.pdb,tar_min.out.659.pdb,16.3,
623,trna_rpr_x_ref.pdb,tar_min.out.66.pdb,16.21,
624,trna_rpr_x_ref.pdb,tar_min.out.660.pdb,16.01,
625,trna_rpr_x_ref.pdb,tar_min.out.661.pdb,16.61,
626,trna_rpr_x_ref.pdb,tar_min.out.662.pdb,12.27,
627,trna_rpr_x_ref.pdb,tar_min.out.663.pdb,16.7,
628,trna_rpr_x_ref.pdb,tar_min.out.664.pdb,15.12,
629,trna_rpr_x_ref.pdb,tar_min.out.665.pdb,12.25,
630,trna_rpr_x_ref.pdb,tar_min.out.666.pdb,15.2,
631,trna_rpr_x_ref.pdb,tar_min.out.667.pdb,12.57,
632,trna_rpr_x_ref.pdb,tar_min.out.668.pdb,12.43,
633,trna_rpr_x_ref.pdb,tar_min.out.669.pdb,13.37,
634,trna_rpr_x_ref.pdb,tar_min.out.67.pdb,11.52,
635,trna_rpr_x_ref.pdb,tar_min.out.670.pdb,14.28,
636,trna_rpr_x_ref.pdb,tar_min.out.671.pdb,15.55,
637,trna_rpr_x_ref.pdb,tar_min.out.672.pdb,11.42,
638,trna_rpr_x_ref.pdb,tar_min.out.673.pdb,14.08,
639,trna_rpr_x_ref.pdb,tar_min.out.674.pdb,13.98,
640,trna_rpr_x_ref.pdb,tar_min.out.675.pdb,15.47,
641,trna_rpr_x_ref.pdb,tar_min.out.676.pdb,12.54,
642,trna_rpr_x_ref.pdb,tar_min.out.677.pdb,14.9,
643,trna_rpr_x_ref.pdb,tar_min.out.678.pdb,12.06,
644,trna_rpr_x_ref.pdb,tar_min.out.679.pdb,12.22,
645,trna_rpr_x_ref.pdb,tar_min.out.68.pdb,15.32,
646,trna_rpr_x_ref.pdb,tar_min.out.680.pdb,10.24,
647,trna_rpr_x_ref.pdb,tar_min.out.681.pdb,14.74,
648,trna_rpr_x_ref.pdb,tar_min.out.682.pdb,11.75,
649,trna_rpr_x_ref.pdb,tar_min.out.683.pdb,13.25,
650,trna_rpr_x_ref.pdb,tar_min.out.684.pdb,12.0,
651,trna_rpr_x_ref.pdb,tar_min.out.685.pdb,12.51,
652,trna_rpr_x_ref.pdb,tar_min.out.686.pdb,18.65,
653,trna_rpr_x_ref.pdb,tar_min.out.687.pdb,10.99,
654,trna_rpr_x_ref.pdb,tar_min.out.688.pdb,14.25,
655,trna_rpr_x_ref.pdb,tar_min.out.689.pdb,13.64,
656,trna_rpr_x_ref.pdb,tar_min.out.69.pdb,12.48,
657,trna_rpr_x_ref.pdb,tar_min.out.690.pdb,14.66,
658,trna_rpr_x_ref.pdb,tar_min.out.691.pdb,10.85,
659,trna_rpr_x_ref.pdb,tar_min.out.692.pdb,12.13,
660,trna_rpr_x_ref.pdb,tar_min.out.693.pdb,16.02,
661,trna_rpr_x_ref.pdb,tar_min.out.694.pdb,17.8,
662,trna_rpr_x_ref.pdb,tar_min.out.695.pdb,11.9,
663,trna_rpr_x_ref.pdb,tar_min.out.696.pdb,14.64,
664,trna_rpr_x_ref.pdb,tar_min.out.697.pdb,14.94,
665,trna_rpr_x_ref.pdb,tar_min.out.698.pdb,13.05,
666,trna_rpr_x_ref.pdb,tar_min.out.699.pdb,15.07,
667,trna_rpr_x_ref.pdb,tar_min.out.7.pdb,16.73,
668,trna_rpr_x_ref.pdb,tar_min.out.70.pdb,15.05,
669,trna_rpr_x_ref.pdb,tar_min.out.700.pdb,15.06,
670,trna_rpr_x_ref.pdb,tar_min.out.701.pdb,15.14,
671,trna_rpr_x_ref.pdb,tar_min.out.702.pdb,15.91,
672,trna_rpr_x_ref.pdb,tar_min.out.703.pdb,15.42,
673,trna_rpr_x_ref.pdb,tar_min.out.704.pdb,10.92,
674,trna_rpr_x_ref.pdb,tar_min.out.705.pdb,13.26,
675,trna_rpr_x_ref.pdb,tar_min.out.706.pdb,12.18,
676,trna_rpr_x_ref.pdb,tar_min.out.707.pdb,14.96,
677,trna_rpr_x_ref.pdb,tar_min.out.708.pdb,8.98,
678,trna_rpr_x_ref.pdb,tar_min.out.709.pdb,14.39,
679,trna_rpr_x_ref.pdb,tar_min.out.71.pdb,14.32,
680,trna_rpr_x_ref.pdb,tar_min.out.710.pdb,13.26,
681,trna_rpr_x_ref.pdb,tar_min.out.711.pdb,16.41,
682,trna_rpr_x_ref.pdb,tar_min.out.712.pdb,13.52,
683,trna_rpr_x_ref.pdb,tar_min.out.713.pdb,13.45,
684,trna_rpr_x_ref.pdb,tar_min.out.714.pdb,14.52,
685,trna_rpr_x_ref.pdb,tar_min.out.715.pdb,15.07,
686,trna_rpr_x_ref.pdb,tar_min.out.716.pdb,13.86,
687,trna_rpr_x_ref.pdb,tar_min.out.717.pdb,13.17,
688,trna_rpr_x_ref.pdb,tar_min.out.718.pdb,18.27,
689,trna_rpr_x_ref.pdb,tar_min.out.719.pdb,9.48,
690,trna_rpr_x_ref.pdb,tar_min.out.72.pdb,13.98,
691,trna_rpr_x_ref.pdb,tar_min.out.720.pdb,14.67,
692,trna_rpr_x_ref.pdb,tar_min.out.721.pdb,18.45,
693,trna_rpr_x_ref.pdb,tar_min.out.722.pdb,11.84,
694,trna_rpr_x_ref.pdb,tar_min.out.723.pdb,15.19,
695,trna_rpr_x_ref.pdb,tar_min.out.724.pdb,15.13,
696,trna_rpr_x_ref.pdb,tar_min.out.725.pdb,12.07,
697,trna_rpr_x_ref.pdb,tar_min.out.726.pdb,17.33,
698,trna_rpr_x_ref.pdb,tar_min.out.727.pdb,9.99,
699,trna_rpr_x_ref.pdb,tar_min.out.728.pdb,15.65,
700,trna_rpr_x_ref.pdb,tar_min.out.729.pdb,12.2,
701,trna_rpr_x_ref.pdb,tar_min.out.73.pdb,10.8,
702,trna_rpr_x_ref.pdb,tar_min.out.730.pdb,11.07,
703,trna_rpr_x_ref.pdb,tar_min.out.731.pdb,13.98,
704,trna_rpr_x_ref.pdb,tar_min.out.732.pdb,8.79,
705,trna_rpr_x_ref.pdb,tar_min.out.733.pdb,13.55,
706,trna_rpr_x_ref.pdb,tar_min.out.734.pdb,13.52,
707,trna_rpr_x_ref.pdb,tar_min.out.735.pdb,13.26,
708,trna_rpr_x_ref.pdb,tar_min.out.736.pdb,12.2,
709,trna_rpr_x_ref.pdb,tar_min.out.737.pdb,13.65,
710,trna_rpr_x_ref.pdb,tar_min.out.738.pdb,13.02,
711,trna_rpr_x_ref.pdb,tar_min.out.739.pdb,13.39,
712,trna_rpr_x_ref.pdb,tar_min.out.74.pdb,15.56,
713,trna_rpr_x_ref.pdb,tar_min.out.740.pdb,14.6,
714,trna_rpr_x_ref.pdb,tar_min.out.741.pdb,14.79,
715,trna_rpr_x_ref.pdb,tar_min.out.742.pdb,16.08,
716,trna_rpr_x_ref.pdb,tar_min.out.743.pdb,15.53,
717,trna_rpr_x_ref.pdb,tar_min.out.744.pdb,16.88,
718,trna_rpr_x_ref.pdb,tar_min.out.745.pdb,16.06,
719,trna_rpr_x_ref.pdb,tar_min.out.746.pdb,13.73,
720,trna_rpr_x_ref.pdb,tar_min.out.747.pdb,12.24,
721,trna_rpr_x_ref.pdb,tar_min.out.748.pdb,14.64,
722,trna_rpr_x_ref.pdb,tar_min.out.749.pdb,12.06,
723,trna_rpr_x_ref.pdb,tar_min.out.75.pdb,15.46,
724,trna_rpr_x_ref.pdb,tar_min.out.750.pdb,18.07,
725,trna_rpr_x_ref.pdb,tar_min.out.751.pdb,13.29,
726,trna_rpr_x_ref.pdb,tar_min.out.752.pdb,16.0,
727,trna_rpr_x_ref.pdb,tar_min.out.753.pdb,13.88,
728,trna_rpr_x_ref.pdb,tar_min.out.754.pdb,14.16,
729,trna_rpr_x_ref.pdb,tar_min.out.755.pdb,16.19,
730,trna_rpr_x_ref.pdb,tar_min.out.756.pdb,15.2,
731,trna_rpr_x_ref.pdb,tar_min.out.757.pdb,12.66,
732,trna_rpr_x_ref.pdb,tar_min.out.758.pdb,13.8,
733,trna_rpr_x_ref.pdb,tar_min.out.759.pdb,14.0,
734,trna_rpr_x_ref.pdb,tar_min.out.76.pdb,16.36,
735,trna_rpr_x_ref.pdb,tar_min.out.760.pdb,7.85,
736,trna_rpr_x_ref.pdb,tar_min.out.761.pdb,14.07,
737,trna_rpr_x_ref.pdb,tar_min.out.762.pdb,8.27,
738,trna_rpr_x_ref.pdb,tar_min.out.763.pdb,16.58,
739,trna_rpr_x_ref.pdb,tar_min.out.764.pdb,12.69,
740,trna_rpr_x_ref.pdb,tar_min.out.765.pdb,14.45,
741,trna_rpr_x_ref.pdb,tar_min.out.766.pdb,10.78,
742,trna_rpr_x_ref.pdb,tar_min.out.767.pdb,12.31,
743,trna_rpr_x_ref.pdb,tar_min.out.768.pdb,16.36,
744,trna_rpr_x_ref.pdb,tar_min.out.769.pdb,11.44,
745,trna_rpr_x_ref.pdb,tar_min.out.77.pdb,12.22,
746,trna_rpr_x_ref.pdb,tar_min.out.770.pdb,12.98,
747,trna_rpr_x_ref.pdb,tar_min.out.771.pdb,14.92,
748,trna_rpr_x_ref.pdb,tar_min.out.772.pdb,13.98,
749,trna_rpr_x_ref.pdb,tar_min.out.773.pdb,14.82,
750,trna_rpr_x_ref.pdb,tar_min.out.774.pdb,14.57,
751,trna_rpr_x_ref.pdb,tar_min.out.775.pdb,12.14,
752,trna_rpr_x_ref.pdb,tar_min.out.776.pdb,14.43,
753,trna_rpr_x_ref.pdb,tar_min.out.777.pdb,16.88,
754,trna_rpr_x_ref.pdb,tar_min.out.778.pdb,12.19,
755,trna_rpr_x_ref.pdb,tar_min.out.779.pdb,15.32,
756,trna_rpr_x_ref.pdb,tar_min.out.78.pdb,16.51,
757,trna_rpr_x_ref.pdb,tar_min.out.780.pdb,13.02,
758,trna_rpr_x_ref.pdb,tar_min.out.781.pdb,16.62,
759,trna_rpr_x_ref.pdb,tar_min.out.782.pdb,7.21,
760,trna_rpr_x_ref.pdb,tar_min.out.783.pdb,18.01,
761,trna_rpr_x_ref.pdb,tar_min.out.784.pdb,13.04,
762,trna_rpr_x_ref.pdb,tar_min.out.785.pdb,15.02,
763,trna_rpr_x_ref.pdb,tar_min.out.786.pdb,13.0,
764,trna_rpr_x_ref.pdb,tar_min.out.787.pdb,13.38,
765,trna_rpr_x_ref.pdb,tar_min.out.788.pdb,12.47,
766,trna_rpr_x_ref.pdb,tar_min.out.789.pdb,13.22,
767,trna_rpr_x_ref.pdb,tar_min.out.79.pdb,14.46,
768,trna_rpr_x_ref.pdb,tar_min.out.790.pdb,13.34,
769,trna_rpr_x_ref.pdb,tar_min.out.791.pdb,9.87,
770,trna_rpr_x_ref.pdb,tar_min.out.792.pdb,14.62,
771,trna_rpr_x_ref.pdb,tar_min.out.793.pdb,15.1,
772,trna_rpr_x_ref.pdb,tar_min.out.794.pdb,14.95,
773,trna_rpr_x_ref.pdb,tar_min.out.795.pdb,15.87,
774,trna_rpr_x_ref.pdb,tar_min.out.796.pdb,16.52,
775,trna_rpr_x_ref.pdb,tar_min.out.797.pdb,16.12,
776,trna_rpr_x_ref.pdb,tar_min.out.798.pdb,11.16,
777,trna_rpr_x_ref.pdb,tar_min.out.799.pdb,14.93,
778,trna_rpr_x_ref.pdb,tar_min.out.8.pdb,11.1,
779,trna_rpr_x_ref.pdb,tar_min.out.80.pdb,14.06,
780,trna_rpr_x_ref.pdb,tar_min.out.800.pdb,13.61,
781,trna_rpr_x_ref.pdb,tar_min.out.801.pdb,14.83,
782,trna_rpr_x_ref.pdb,tar_min.out.802.pdb,11.88,
783,trna_rpr_x_ref.pdb,tar_min.out.803.pdb,16.01,
784,trna_rpr_x_ref.pdb,tar_min.out.804.pdb,14.35,
785,trna_rpr_x_ref.pdb,tar_min.out.805.pdb,13.72,
786,trna_rpr_x_ref.pdb,tar_min.out.806.pdb,9.84,
787,trna_rpr_x_ref.pdb,tar_min.out.807.pdb,12.53,
788,trna_rpr_x_ref.pdb,tar_min.out.808.pdb,12.57,
789,trna_rpr_x_ref.pdb,tar_min.out.809.pdb,13.96,
790,trna_rpr_x_ref.pdb,tar_min.out.81.pdb,11.76,
791,trna_rpr_x_ref.pdb,tar_min.out.810.pdb,15.3,
792,trna_rpr_x_ref.pdb,tar_min.out.811.pdb,18.93,
793,trna_rpr_x_ref.pdb,tar_min.out.812.pdb,14.79,
794,trna_rpr_x_ref.pdb,tar_min.out.813.pdb,15.12,
795,trna_rpr_x_ref.pdb,tar_min.out.814.pdb,15.55,
796,trna_rpr_x_ref.pdb,tar_min.out.815.pdb,13.62,
797,trna_rpr_x_ref.pdb,tar_min.out.816.pdb,12.15,
798,trna_rpr_x_ref.pdb,tar_min.out.817.pdb,12.33,
799,trna_rpr_x_ref.pdb,tar_min.out.818.pdb,14.37,
800,trna_rpr_x_ref.pdb,tar_min.out.819.pdb,13.2,
801,trna_rpr_x_ref.pdb,tar_min.out.82.pdb,13.45,
802,trna_rpr_x_ref.pdb,tar_min.out.820.pdb,11.98,
803,trna_rpr_x_ref.pdb,tar_min.out.821.pdb,15.17,
804,trna_rpr_x_ref.pdb,tar_min.out.822.pdb,16.5,
805,trna_rpr_x_ref.pdb,tar_min.out.823.pdb,15.29,
806,trna_rpr_x_ref.pdb,tar_min.out.824.pdb,11.57,
807,trna_rpr_x_ref.pdb,tar_min.out.825.pdb,15.61,
808,trna_rpr_x_ref.pdb,tar_min.out.826.pdb,16.53,
809,trna_rpr_x_ref.pdb,tar_min.out.827.pdb,17.34,
810,trna_rpr_x_ref.pdb,tar_min.out.828.pdb,14.69,
811,trna_rpr_x_ref.pdb,tar_min.out.829.pdb,12.13,
812,trna_rpr_x_ref.pdb,tar_min.out.83.pdb,14.47,
813,trna_rpr_x_ref.pdb,tar_min.out.830.pdb,12.74,
814,trna_rpr_x_ref.pdb,tar_min.out.831.pdb,14.64,
815,trna_rpr_x_ref.pdb,tar_min.out.832.pdb,13.9,
816,trna_rpr_x_ref.pdb,tar_min.out.833.pdb,11.24,
817,trna_rpr_x_ref.pdb,tar_min.out.834.pdb,15.47,
818,trna_rpr_x_ref.pdb,tar_min.out.835.pdb,15.54,
819,trna_rpr_x_ref.pdb,tar_min.out.836.pdb,13.43,
820,trna_rpr_x_ref.pdb,tar_min.out.837.pdb,13.24,
821,trna_rpr_x_ref.pdb,tar_min.out.838.pdb,17.98,
822,trna_rpr_x_ref.pdb,tar_min.out.839.pdb,16.31,
823,trna_rpr_x_ref.pdb,tar_min.out.84.pdb,13.6,
824,trna_rpr_x_ref.pdb,tar_min.out.840.pdb,10.97,
825,trna_rpr_x_ref.pdb,tar_min.out.841.pdb,13.72,
826,trna_rpr_x_ref.pdb,tar_min.out.842.pdb,13.23,
827,trna_rpr_x_ref.pdb,tar_min.out.843.pdb,14.37,
828,trna_rpr_x_ref.pdb,tar_min.out.844.pdb,12.92,
829,trna_rpr_x_ref.pdb,tar_min.out.845.pdb,13.51,
830,trna_rpr_x_ref.pdb,tar_min.out.846.pdb,12.87,
831,trna_rpr_x_ref.pdb,tar_min.out.847.pdb,12.4,
832,trna_rpr_x_ref.pdb,tar_min.out.848.pdb,13.58,
833,trna_rpr_x_ref.pdb,tar_min.out.849.pdb,11.48,
834,trna_rpr_x_ref.pdb,tar_min.out.85.pdb,11.18,
835,trna_rpr_x_ref.pdb,tar_min.out.850.pdb,12.73,
836,trna_rpr_x_ref.pdb,tar_min.out.851.pdb,10.28,
837,trna_rpr_x_ref.pdb,tar_min.out.852.pdb,11.73,
838,trna_rpr_x_ref.pdb,tar_min.out.853.pdb,15.12,
839,trna_rpr_x_ref.pdb,tar_min.out.854.pdb,14.86,
840,trna_rpr_x_ref.pdb,tar_min.out.855.pdb,13.46,
841,trna_rpr_x_ref.pdb,tar_min.out.856.pdb,13.27,
842,trna_rpr_x_ref.pdb,tar_min.out.857.pdb,13.8,
843,trna_rpr_x_ref.pdb,tar_min.out.858.pdb,17.41,
844,trna_rpr_x_ref.pdb,tar_min.out.859.pdb,12.09,
845,trna_rpr_x_ref.pdb,tar_min.out.86.pdb,16.36,
846,trna_rpr_x_ref.pdb,tar_min.out.860.pdb,13.37,
847,trna_rpr_x_ref.pdb,tar_min.out.861.pdb,15.42,
848,trna_rpr_x_ref.pdb,tar_min.out.862.pdb,14.03,
849,trna_rpr_x_ref.pdb,tar_min.out.863.pdb,14.98,
850,trna_rpr_x_ref.pdb,tar_min.out.864.pdb,12.43,
851,trna_rpr_x_ref.pdb,tar_min.out.865.pdb,13.14,
852,trna_rpr_x_ref.pdb,tar_min.out.866.pdb,16.94,
853,trna_rpr_x_ref.pdb,tar_min.out.867.pdb,14.49,
854,trna_rpr_x_ref.pdb,tar_min.out.868.pdb,13.8,
855,trna_rpr_x_ref.pdb,tar_min.out.869.pdb,15.85,
856,trna_rpr_x_ref.pdb,tar_min.out.87.pdb,17.9,
857,trna_rpr_x_ref.pdb,tar_min.out.870.pdb,17.31,
858,trna_rpr_x_ref.pdb,tar_min.out.871.pdb,18.52,
859,trna_rpr_x_ref.pdb,tar_min.out.872.pdb,15.52,
860,trna_rpr_x_ref.pdb,tar_min.out.873.pdb,11.16,
861,trna_rpr_x_ref.pdb,tar_min.out.874.pdb,12.78,
862,trna_rpr_x_ref.pdb,tar_min.out.875.pdb,12.53,
863,trna_rpr_x_ref.pdb,tar_min.out.876.pdb,9.9,
864,trna_rpr_x_ref.pdb,tar_min.out.877.pdb,16.54,
865,trna_rpr_x_ref.pdb,tar_min.out.878.pdb,10.89,
866,trna_rpr_x_ref.pdb,tar_min.out.879.pdb,14.0,
867,trna_rpr_x_ref.pdb,tar_min.out.88.pdb,11.2,
868,trna_rpr_x_ref.pdb,tar_min.out.880.pdb,18.52,
869,trna_rpr_x_ref.pdb,tar_min.out.881.pdb,12.86,
870,trna_rpr_x_ref.pdb,tar_min.out.882.pdb,17.08,
871,trna_rpr_x_ref.pdb,tar_min.out.883.pdb,11.85,
872,trna_rpr_x_ref.pdb,tar_min.out.884.pdb,11.71,
873,trna_rpr_x_ref.pdb,tar_min.out.885.pdb,10.65,
874,trna_rpr_x_ref.pdb,tar_min.out.886.pdb,14.6,
875,trna_rpr_x_ref.pdb,tar_min.out.887.pdb,11.11,
876,trna_rpr_x_ref.pdb,tar_min.out.888.pdb,14.72,
877,trna_rpr_x_ref.pdb,tar_min.out.889.pdb,15.58,
878,trna_rpr_x_ref.pdb,tar_min.out.89.pdb,14.18,
879,trna_rpr_x_ref.pdb,tar_min.out.890.pdb,12.29,
880,trna_rpr_x_ref.pdb,tar_min.out.891.pdb,13.33,
881,trna_rpr_x_ref.pdb,tar_min.out.892.pdb,12.33,
882,trna_rpr_x_ref.pdb,tar_min.out.893.pdb,10.97,
883,trna_rpr_x_ref.pdb,tar_min.out.894.pdb,13.43,
884,trna_rpr_x_ref.pdb,tar_min.out.895.pdb,13.85,
885,trna_rpr_x_ref.pdb,tar_min.out.896.pdb,14.65,
886,trna_rpr_x_ref.pdb,tar_min.out.897.pdb,13.41,
887,trna_rpr_x_ref.pdb,tar_min.out.898.pdb,14.19,
888,trna_rpr_x_ref.pdb,tar_min.out.899.pdb,13.95,
889,trna_rpr_x_ref.pdb,tar_min.out.9.pdb,16.41,
890,trna_rpr_x_ref.pdb,tar_min.out.90.pdb,12.3,
891,trna_rpr_x_ref.pdb,tar_min.out.900.pdb,14.34,
892,trna_rpr_x_ref.pdb,tar_min.out.901.pdb,13.46,
893,trna_rpr_x_ref.pdb,tar_min.out.902.pdb,15.49,
894,trna_rpr_x_ref.pdb,tar_min.out.903.pdb,15.96,
895,trna_rpr_x_ref.pdb,tar_min.out.904.pdb,14.38,
896,trna_rpr_x_ref.pdb,tar_min.out.905.pdb,14.95,
897,trna_rpr_x_ref.pdb,tar_min.out.906.pdb,12.29,
898,trna_rpr_x_ref.pdb,tar_min.out.907.pdb,13.45,
899,trna_rpr_x_ref.pdb,tar_min.out.908.pdb,14.47,
900,trna_rpr_x_ref.pdb,tar_min.out.909.pdb,14.79,
901,trna_rpr_x_ref.pdb,tar_min.out.91.pdb,13.91,
902,trna_rpr_x_ref.pdb,tar_min.out.910.pdb,14.28,
903,trna_rpr_x_ref.pdb,tar_min.out.911.pdb,12.74,
904,trna_rpr_x_ref.pdb,tar_min.out.912.pdb,13.23,
905,trna_rpr_x_ref.pdb,tar_min.out.913.pdb,14.56,
906,trna_rpr_x_ref.pdb,tar_min.out.914.pdb,13.23,
907,trna_rpr_x_ref.pdb,tar_min.out.915.pdb,12.3,
908,trna_rpr_x_ref.pdb,tar_min.out.916.pdb,15.65,
909,trna_rpr_x_ref.pdb,tar_min.out.917.pdb,15.36,
910,trna_rpr_x_ref.pdb,tar_min.out.918.pdb,11.65,
911,trna_rpr_x_ref.pdb,tar_min.out.919.pdb,13.23,
912,trna_rpr_x_ref.pdb,tar_min.out.92.pdb,17.43,
913,trna_rpr_x_ref.pdb,tar_min.out.920.pdb,14.66,
914,trna_rpr_x_ref.pdb,tar_min.out.921.pdb,15.63,
915,trna_rpr_x_ref.pdb,tar_min.out.922.pdb,16.97,
916,trna_rpr_x_ref.pdb,tar_min.out.923.pdb,12.25,
917,trna_rpr_x_ref.pdb,tar_min.out.924.pdb,18.34,
918,trna_rpr_x_ref.pdb,tar_min.out.925.pdb,12.88,
919,trna_rpr_x_ref.pdb,tar_min.out.926.pdb,12.63,
920,trna_rpr_x_ref.pdb,tar_min.out.927.pdb,14.65,
921,trna_rpr_x_ref.pdb,tar_min.out.928.pdb,11.96,
922,trna_rpr_x_ref.pdb,tar_min.out.929.pdb,14.08,
923,trna_rpr_x_ref.pdb,tar_min.out.93.pdb,16.79,
924,trna_rpr_x_ref.pdb,tar_min.out.930.pdb,12.9,
925,trna_rpr_x_ref.pdb,tar_min.out.931.pdb,14.42,
926,trna_rpr_x_ref.pdb,tar_min.out.932.pdb,14.7,
927,trna_rpr_x_ref.pdb,tar_min.out.933.pdb,15.96,
928,trna_rpr_x_ref.pdb,tar_min.out.934.pdb,15.1,
929,trna_rpr_x_ref.pdb,tar_min.out.935.pdb,15.08,
930,trna_rpr_x_ref.pdb,tar_min.out.936.pdb,14.74,
931,trna_rpr_x_ref.pdb,tar_min.out.937.pdb,13.33,
932,trna_rpr_x_ref.pdb,tar_min.out.938.pdb,12.92,
933,trna_rpr_x_ref.pdb,tar_min.out.939.pdb,14.7,
934,trna_rpr_x_ref.pdb,tar_min.out.94.pdb,14.72,
935,trna_rpr_x_ref.pdb,tar_min.out.940.pdb,12.22,
936,trna_rpr_x_ref.pdb,tar_min.out.941.pdb,17.22,
937,trna_rpr_x_ref.pdb,tar_min.out.942.pdb,14.72,
938,trna_rpr_x_ref.pdb,tar_min.out.943.pdb,16.87,
939,trna_rpr_x_ref.pdb,tar_min.out.944.pdb,12.43,
940,trna_rpr_x_ref.pdb,tar_min.out.945.pdb,13.49,
941,trna_rpr_x_ref.pdb,tar_min.out.946.pdb,15.76,
942,trna_rpr_x_ref.pdb,tar_min.out.947.pdb,14.48,
943,trna_rpr_x_ref.pdb,tar_min.out.948.pdb,14.8,
944,trna_rpr_x_ref.pdb,tar_min.out.949.pdb,9.99,
945,trna_rpr_x_ref.pdb,tar_min.out.95.pdb,13.05,
946,trna_rpr_x_ref.pdb,tar_min.out.950.pdb,15.16,
947,trna_rpr_x_ref.pdb,tar_min.out.951.pdb,15.82,
948,trna_rpr_x_ref.pdb,tar_min.out.952.pdb,17.02,
949,trna_rpr_x_ref.pdb,tar_min.out.953.pdb,9.92,
950,trna_rpr_x_ref.pdb,tar_min.out.954.pdb,14.57,
951,trna_rpr_x_ref.pdb,tar_min.out.955.pdb,14.27,
952,trna_rpr_x_ref.pdb,tar_min.out.956.pdb,15.62,
953,trna_rpr_x_ref.pdb,tar_min.out.957.pdb,15.5,
954,trna_rpr_x_ref.pdb,tar_min.out.958.pdb,13.1,
955,trna_rpr_x_ref.pdb,tar_min.out.959.pdb,19.74,
956,trna_rpr_x_ref.pdb,tar_min.out.96.pdb,14.54,
957,trna_rpr_x_ref.pdb,tar_min.out.960.pdb,12.95,
958,trna_rpr_x_ref.pdb,tar_min.out.961.pdb,11.49,
959,trna_rpr_x_ref.pdb,tar_min.out.962.pdb,11.79,
960,trna_rpr_x_ref.pdb,tar_min.out.963.pdb,13.05,
961,trna_rpr_x_ref.pdb,tar_min.out.964.pdb,14.49,
962,trna_rpr_x_ref.pdb,tar_min.out.965.pdb,12.75,
963,trna_rpr_x_ref.pdb,tar_min.out.966.pdb,18.67,
964,trna_rpr_x_ref.pdb,tar_min.out.967.pdb,15.8,
965,trna_rpr_x_ref.pdb,tar_min.out.968.pdb,14.01,
966,trna_rpr_x_ref.pdb,tar_min.out.969.pdb,13.1,
967,trna_rpr_x_ref.pdb,tar_min.out.97.pdb,15.38,
968,trna_rpr_x_ref.pdb,tar_min.out.970.pdb,13.69,
969,trna_rpr_x_ref.pdb,tar_min.out.971.pdb,14.49,
970,trna_rpr_x_ref.pdb,tar_min.out.972.pdb,14.58,
971,trna_rpr_x_ref.pdb,tar_min.out.973.pdb,14.56,
972,trna_rpr_x_ref.pdb,tar_min.out.974.pdb,17.05,
973,trna_rpr_x_ref.pdb,tar_min.out.975.pdb,14.37,
974,trna_rpr_x_ref.pdb,tar_min.out.976.pdb,12.21,
975,trna_rpr_x_ref.pdb,tar_min.out.977.pdb,17.08,
976,trna_rpr_x_ref.pdb,tar_min.out.978.pdb,15.06,
977,trna_rpr_x_ref.pdb,tar_min.out.979.pdb,15.08,
978,trna_rpr_x_ref.pdb,tar_min.out.98.pdb,14.24,
979,trna_rpr_x_ref.pdb,tar_min.out.980.pdb,12.38,
980,trna_rpr_x_ref.pdb,tar_min.out.981.pdb,9.5,
981,trna_rpr_x_ref.pdb,tar_min.out.982.pdb,12.37,
982,trna_rpr_x_ref.pdb,tar_min.out.983.pdb,14.18,
983,trna_rpr_x_ref.pdb,tar_min.out.984.pdb,15.41,
984,trna_rpr_x_ref.pdb,tar_min.out.985.pdb,13.55,
985,trna_rpr_x_ref.pdb,tar_min.out.986.pdb,13.2,
986,trna_rpr_x_ref.pdb,tar_min.out.987.pdb,17.78,
987,trna_rpr_x_ref.pdb,tar_min.out.988.pdb,14.26,
988,trna_rpr_x_ref.pdb,tar_min.out.989.pdb,13.93,
989,trna_rpr_x_ref.pdb,tar_min.out.99.pdb,13.96,
990,trna_rpr_x_ref.pdb,tar_min.out.990.pdb,14.55,
991,trna_rpr_x_ref.pdb,tar_min.out.991.pdb,12.86,
992,trna_rpr_x_ref.pdb,tar_min.out.992.pdb,11.71,
993,trna_rpr_x_ref.pdb,tar_min.out.993.pdb,14.79,
994,trna_rpr_x_ref.pdb,tar_min.out.994.pdb,10.83,
995,trna_rpr_x_ref.pdb,tar_min.out.995.pdb,11.76,
996,trna_rpr_x_ref.pdb,tar_min.out.996.pdb,14.07,
997,trna_rpr_x_ref.pdb,tar_min.out.997.pdb,9.31,
998,trna_rpr_x_ref.pdb,tar_min.out.998.pdb,9.35,
999,trna_rpr_x_ref.pdb,tar_min.out.999.pdb,11.8,
1000,trna_rpr_x_ref.pdb,solution.pdb,0.0,
